name,handedness,height,weight,avg,HR,BMI,Class,,,,,BMI Limits,
Reggie Jackson,L,72,195,0.262,563,26.51909722,Hefty,,,,,Hefty,24
Mike Schmidt,R,74,195,0.267,548,25.10500365,Hefty,,,,,Compact,22.5
Willie Stargell,L,74,188,0.282,475,24.20379839,Hefty,,,,,,
Carl Yastrzemski,L,71,175,0.285,452,24.47431065,Hefty,,,,,,
Dave Kingman,R,78,210,0.236,442,24.33431953,Hefty,,,,,,
Darrell Evans,L,74,200,0.248,414,25.74872169,Hefty,,,,,,
Graig Nettles,L,72,180,0.248,390,24.47916667,Hefty,,,,,,
Johnny Bench,R,73,197,0.267,389,26.06211297,Hefty,,,,,,
Jim Rice,R,74,200,0.298,382,25.74872169,Hefty,,,,,,
Tony Perez,R,74,175,0.279,379,22.53013148,Compact,,,,,,
Lee May,R,75,195,0.267,354,24.44,Hefty,,,,,,
Dick Allen,R,71,187,0.292,351,26.1525491,Hefty,,,,,,
George Foster,R,73,180,0.274,348,23.81309814,Compact,,,,,,
Ron Santo,R,72,190,0.277,342,25.83912037,Hefty,,,,,,
Boog Powell,L,76,230,0.266,339,28.07306094,Hefty,,,,,,
Don Baylor,R,73,190,0.26,338,25.13604804,Hefty,,,,,,
Bobby Bonds,R,73,190,0.268,332,25.13604804,Hefty,,,,,,
Willie Horton,R,71,209,0.273,325,29.22931958,Hefty,,,,,,
Ron Cey,R,70,185,0.261,316,26.61734694,Hefty,,,,,,
Reggie Smith,B,72,180,0.287,314,24.47916667,Hefty,,,,,,
Greg Luzinski,R,73,220,0.276,307,29.10489773,Hefty,,,,,,
Fred Lynn,L,73,185,0.283,306,24.47457309,Hefty,,,,,,
Rusty Staub,L,74,190,0.279,292,24.46128561,Hefty,,,,,,
Jimmy Wynn,R,70,160,0.25,291,23.02040816,Compact,,,,,,
Steve Garvey,R,70,192,0.294,272,27.6244898,Hefty,,,,,,
George Scott,R,74,200,0.268,271,25.74872169,Hefty,,,,,,
Gorman Thomas,R,74,210,0.225,268,27.03615778,Hefty,,,,,,
Joe Morgan,L,67,160,0.271,268,25.12809089,Hefty,,,,,,
George Hendrick,R,75,195,0.278,267,24.44,Hefty,,,,,,
Larry Parrish,R,75,190,0.263,256,23.81333333,Compact,,,,,,
John Mayberry,L,75,215,0.253,255,26.94666667,Hefty,,,,,,
Andre Thornton,R,75,200,0.254,253,25.06666667,Hefty,,,,,,
Bobby Murcer,L,71,160,0.277,252,22.3765126,Lanky,,,,,,
Joe Torre,R,74,212,0.297,252,27.293645,Hefty,,,,,,
Tony Armas,R,71,182,0.252,251,25.45328308,Hefty,,,,,,
Ted Simmons,B,71,193,0.285,248,26.99166832,Hefty,,,,,,
Ken Singleton,B,76,210,0.282,246,25.63192521,Hefty,,,,,,
Deron Johnson,R,74,200,0.244,245,25.74872169,Hefty,,,,,,
Sal Bando,R,72,195,0.254,242,26.51909722,Hefty,,,,,,
Dusty Baker,R,74,183,0.278,242,23.56008035,Compact,,,,,,
Rick Monday,L,75,193,0.264,241,24.18933333,Hefty,,,,,,
Cecil Cooper,L,74,165,0.298,241,21.2426954,Lanky,,,,,,
Jeff Burroughs,R,73,200,0.261,240,26.45899794,Hefty,,,,,,
Doug DeCinces,R,74,190,0.259,237,24.46128561,Hefty,,,,,,
Ben Oglivie,L,74,160,0.273,235,20.59897736,Lanky,,,,,,
Gary Matthews,R,74,185,0.281,234,23.81756757,Compact,,,,,,
Bobby Grich,R,74,180,0.266,224,23.17384953,Compact,,,,,,
Tony Oliva,L,73,175,0.304,220,23.15162319,Compact,,,,,,
Al Oliver,L,72,195,0.303,219,26.51909722,Hefty,,,,,,
Joe Pepitone,L,74,185,0.258,219,23.81756757,Compact,,,,,,
Bob Horner,R,73,195,0.277,218,25.79752299,Hefty,,,,,,
Chet Lemon,R,72,190,0.273,215,25.83912037,Hefty,,,,,,
Rico Petrocelli,R,72,175,0.251,210,23.79918981,Compact,,,,,,
Jason Thompson,L,76,200,0.261,208,24.41135734,Hefty,,,,,,
Richie Zisk,R,73,200,0.287,207,26.45899794,Hefty,,,,,,
Rico Carty,R,75,200,0.299,204,25.06666667,Hefty,,,,,,
Richie Hebner,L,73,195,0.276,203,25.79752299,Hefty,,,,,,
Buddy Bell,R,73,180,0.279,201,23.81309814,Compact,,,,,,
Gene Tenace,R,72,190,0.241,201,25.83912037,Hefty,,,,,,
Oscar Gamble,L,71,160,0.265,200,22.3765126,Lanky,,,,,,
Don Mincher,L,75,205,0.249,200,25.69333333,Hefty,,,,,,
Bill Freehan,R,75,203,0.262,200,25.44266667,Hefty,,,,,,
Cesar Cedeno,R,74,175,0.285,199,22.53013148,Compact,,,,,,
Dick McAuliffe,L,71,176,0.247,197,24.61416386,Hefty,,,,,,
Cliff Johnson,R,76,215,0.258,196,26.24220914,Hefty,,,,,,
Toby Harrah,R,72,175,0.264,195,23.79918981,Compact,,,,,,
Amos Otis,R,71,165,0.277,193,23.07577862,Compact,,,,,,
Hal McRae,R,71,180,0.29,191,25.17357667,Hefty,,,,,,
Bob Bailey,R,73,180,0.257,189,23.81309814,Compact,,,,,,
Darrell Porter,L,72,193,0.247,188,26.24710648,Hefty,,,,,,
Chris Chambliss,L,73,195,0.279,185,25.79752299,Hefty,,,,,,
Bob Watson,R,72,201,0.295,184,27.33506944,Hefty,,,,,,
Willie Davis,L,74,180,0.279,182,23.17384953,Compact,,,,,,
Joe Rudi,R,74,200,0.264,179,25.74872169,Hefty,,,,,,
Don Money,R,73,170,0.261,176,22.49014825,Lanky,,,,,,
Bill Buckner,L,72,185,0.289,174,25.15914352,Hefty,,,,,,
Nate Colbert,R,74,190,0.243,173,24.46128561,Hefty,,,,,,
Jim Ray Hart,R,71,185,0.278,170,25.87284269,Hefty,,,,,,
Bill Robinson,R,74,189,0.258,166,24.332542,Hefty,,,,,,
Larry Hisle,R,74,193,0.273,166,24.84751644,Hefty,,,,,,
Dwayne Murphy,L,73,185,0.246,166,24.47457309,Hefty,,,,,,
Tony Conigliaro,R,75,185,0.264,166,23.18666667,Compact,,,,,,
Jose Cruz,L,72,170,0.284,165,23.11921296,Compact,,,,,,
Claudell Washington,L,72,190,0.278,164,25.83912037,Hefty,,,,,,
Roy Smalley,B,73,185,0.257,163,24.47457309,Hefty,,,,,,
Bill Madlock,R,71,180,0.305,163,25.17357667,Hefty,,,,,,
Keith Hernandez,L,72,180,0.296,162,24.47916667,Hefty,,,,,,
Pete Rose,B,71,192,0.303,160,26.85181512,Hefty,,,,,,
Frank White,R,71,165,0.255,160,23.07577862,Compact,,,,,,
Bill Melton,R,74,200,0.253,160,25.74872169,Hefty,,,,,,
Roy White,B,70,160,0.271,160,23.02040816,Compact,,,,,,
Jim Hickman,R,75,192,0.252,159,24.064,Hefty,,,,,,
Donn Clendenon,R,76,209,0.274,159,25.50986842,Hefty,,,,,,
Ken McMullen,R,75,190,0.248,156,23.81333333,Compact,,,,,,
Doug Rader,R,74,208,0.251,155,26.77867056,Hefty,,,,,,
Davey Lopes,R,69,170,0.263,155,25.17328292,Hefty,,,,,,
Jim Northrup,L,75,190,0.267,153,23.81333333,Compact,,,,,,
Tom Tresh,B,73,180,0.245,153,23.81309814,Compact,,,,,,
Dan Driessen,L,71,187,0.267,153,26.1525491,Hefty,,,,,,
Jim Fregosi,R,73,190,0.265,151,25.13604804,Hefty,,,,,,
Lou Brock,L,71,170,0.293,149,23.77504463,Compact,,,,,,
Sixto Lezcano,R,70,165,0.271,148,23.73979592,Compact,,,,,,
Leon Durham,L,73,185,0.277,147,24.47457309,Hefty,,,,,,
Ruppert Jones,L,70,170,0.25,147,24.45918367,Hefty,,,,,,
Jim Spencer,L,74,195,0.25,146,25.10500365,Hefty,,,,,,
Tommy Harper,R,69,165,0.257,146,24.43289225,Hefty,,,,,,
Jeffrey Leonard,R,74,200,0.266,144,25.74872169,Hefty,,,,,,
Johnny Briggs,L,73,190,0.253,139,25.13604804,Hefty,,,,,,
Willie Montanez,L,72,170,0.275,139,23.11921296,Compact,,,,,,
Jose Cardenal,R,70,150,0.275,138,21.58163265,Lanky,,,,,,
Earl Williams,R,75,215,0.247,138,26.94666667,Hefty,,,,,,
Davey Johnson,R,73,170,0.261,136,22.49014825,Lanky,,,,,,
Paul Blair,R,72,168,0.25,134,22.84722222,Compact,,,,,,
Tom Haller,L,76,195,0.257,134,23.80107341,Compact,,,,,,
Mack Jones,L,73,180,0.252,133,23.81309814,Compact,,,,,,
John Milner,L,72,185,0.249,131,25.15914352,Hefty,,,,,,
Ken Harrelson,R,74,190,0.239,131,24.46128561,Hefty,,,,,,
Jorge Orta,L,70,170,0.278,130,24.45918367,Hefty,,,,,,
Gary Ward,R,74,195,0.276,130,25.10500365,Hefty,,,,,,
Tommie Agee,R,71,195,0.255,130,27.27137473,Hefty,,,,,,
Steve Kemp,L,72,195,0.278,130,26.51909722,Hefty,,,,,,
Mike Epstein,L,75,230,0.244,130,28.82666667,Hefty,,,,,,
Jody Davis,R,76,192,0.245,127,23.43490305,Compact,,,,,,
Aurelio Rodriguez,R,70,180,0.237,124,25.89795918,Hefty,,,,,,
Willie Upshaw,L,72,185,0.262,123,25.15914352,Hefty,,,,,,
Ken Phelps,L,73,209,0.239,123,27.64965284,Hefty,,,,,,
Ellis Valentine,R,76,205,0.278,123,25.02164127,Hefty,,,,,,
Don Lock,R,74,195,0.238,122,25.10500365,Hefty,,,,,,
Ken Henderson,B,74,180,0.257,122,23.17384953,Compact,,,,,,
Nick Esasky,R,75,200,0.25,122,25.06666667,Hefty,,,,,,
Joe Ferguson,R,74,200,0.24,122,25.74872169,Hefty,,,,,,
Dan Ford,R,73,185,0.27,121,24.47457309,Hefty,,,,,,
Gary Roenicke,R,75,205,0.247,121,25.69333333,Hefty,,,,,,
Wayne Gross,L,74,210,0.233,121,27.03615778,Hefty,,,,,,
Jimmie Hall,L,72,175,0.254,121,23.79918981,Compact,,,,,,
Keith Moreland,R,72,190,0.279,121,25.83912037,Hefty,,,,,,
Ed Kranepool,L,75,205,0.261,118,25.69333333,Hefty,,,,,,
Mike Easler,L,72,190,0.293,118,25.83912037,Hefty,,,,,,
Leo Cardenas,R,71,150,0.257,118,20.97798056,Lanky,,,,,,
Garry Maddox,R,75,175,0.285,117,21.93333333,Lanky,,,,,,
Mickey Stanley,R,73,185,0.248,117,24.47457309,Hefty,,,,,,
John Lowenstein,L,72,175,0.253,116,23.79918981,Compact,,,,,,
Rick Reichardt,R,75,210,0.261,116,26.32,Hefty,,,,,,
Bob Robertson,R,73,195,0.242,115,25.79752299,Hefty,,,,,,
Chuck Hinton,R,73,180,0.264,113,23.81309814,Compact,,,,,,
Thurman Munson,R,71,190,0.292,113,26.57210871,Hefty,,,,,,
Greg Walker,L,75,205,0.26,113,25.69333333,Hefty,,,,,,
Jim Morrison,R,71,175,0.26,112,24.47431065,Hefty,,,,,,
Curt Blefary,L,74,195,0.237,112,25.10500365,Hefty,,,,,,
Chris Speier,R,73,175,0.246,112,23.15162319,Compact,,,,,,
Max Alvis,R,71,185,0.247,111,25.87284269,Hefty,,,,,,
Willie Aikens,L,75,220,0.271,110,27.57333333,Hefty,,,,,,
Dave Duncan,R,74,190,0.214,109,24.46128561,Hefty,,,,,,
Phil Garner,R,70,175,0.26,109,25.17857143,Hefty,,,,,,
Fred Whitfield,L,73,190,0.253,108,25.13604804,Hefty,,,,,,
Al Cowens,R,73,197,0.27,108,26.06211297,Hefty,,,,,,
Larry Herndon,R,75,190,0.274,107,23.81333333,Compact,,,,,,
Lee Thomas,L,74,195,0.255,106,25.10500365,Hefty,,,,,,
Bob Boone,R,74,195,0.254,105,25.10500365,Hefty,,,,,,
Tony Gonzalez,L,69,170,0.286,103,25.17328292,Hefty,,,,,,
Eric Soderholm,R,71,187,0.264,102,26.1525491,Hefty,,,,,,
Jay Johnstone,L,73,175,0.267,102,23.15162319,Compact,,,,,,
Steve Yeager,R,72,190,0.228,102,25.83912037,Hefty,,,,,,
Lou Piniella,R,72,182,0.291,102,24.75115741,Hefty,,,,,,
Ollie Brown,R,74,178,0.265,102,22.91636231,Compact,,,,,,
Dave Concepcion,R,74,155,0.267,101,19.95525931,Lanky,,,,,,
Denis Menke,R,72,185,0.25,101,25.15914352,Hefty,,,,,,
Duke Sims,L,74,197,0.239,100,25.36249087,Hefty,,,,,,
Bruce Bochte,L,75,195,0.282,100,24.44,Hefty,,,,,,
Johnny Grubb,L,75,175,0.278,99,21.93333333,Lanky,,,,,,
Ozzie Virgil,R,73,180,0.243,98,23.81309814,Compact,,,,,,
Pete Ward,L,73,185,0.254,98,24.47457309,Hefty,,,,,,
Butch Hobson,R,73,193,0.248,98,25.53293301,Hefty,,,,,,
Bernie Carbo,L,71,173,0.264,96,24.19460425,Hefty,,,,,,
Dave May,L,70,186,0.251,96,26.76122449,Hefty,,,,,,
Jim Sundberg,R,72,190,0.248,95,25.83912037,Hefty,,,,,,
Jerry Morales,R,70,155,0.259,95,22.30102041,Lanky,,,,,,
Mike Jorgensen,L,72,195,0.243,95,26.51909722,Hefty,,,,,,
Bob Oliver,R,75,205,0.256,94,25.69333333,Hefty,,,,,,
Don Buford,B,67,160,0.264,93,25.12809089,Hefty,,,,,,
Cleon Jones,R,72,185,0.281,93,25.15914352,Hefty,,,,,,
Lee Mazzilli,B,73,180,0.259,93,23.81309814,Compact,,,,,,
Rod Carew,L,72,170,0.328,92,23.11921296,Compact,,,,,,
Lee Lacy,R,73,175,0.286,91,23.15162319,Compact,,,,,,
Cito Gaston,R,75,190,0.256,91,23.81333333,Compact,,,,,,
Mike Davis,L,74,175,0.259,91,22.53013148,Compact,,,,,,
Ken Landreaux,L,70,165,0.268,91,23.73979592,Compact,,,,,,
Bob Brenly,R,74,210,0.247,91,27.03615778,Hefty,,,,,,
Mike Lum,L,72,180,0.247,90,24.47916667,Hefty,,,,,,
Carlos May,L,71,200,0.274,90,27.97064075,Hefty,,,,,,
Alan Ashby,B,74,185,0.245,90,23.81756757,Compact,,,,,,
Bo Diaz,R,71,185,0.255,87,25.87284269,Hefty,,,,,,
Del Unser,L,73,180,0.258,87,23.81309814,Compact,,,,,,
John Wockenfuss,R,72,190,0.262,86,25.83912037,Hefty,,,,,,
Willie Crawford,L,73,197,0.268,86,26.06211297,Hefty,,,,,,
Tom Paciorek,R,76,215,0.282,86,26.24220914,Hefty,,,,,,
Bobby Tolan,L,71,170,0.265,86,23.77504463,Compact,,,,,,
Dan Meyer,L,71,180,0.253,86,25.17357667,Hefty,,,,,,
Ed Charles,R,70,170,0.263,86,24.45918367,Hefty,,,,,,
Jerry Martin,R,73,195,0.251,85,25.79752299,Hefty,,,,,,
Ed Kirkpatrick,L,71,195,0.238,85,27.27137473,Hefty,,,,,,
Gates Brown,L,71,220,0.257,84,30.76770482,Hefty,,,,,,
Ray Knight,R,73,185,0.271,84,24.47457309,Hefty,,,,,,
Bobby Darwin,R,74,190,0.251,83,24.46128561,Hefty,,,,,,
Roger Repoz,L,75,190,0.224,82,23.81333333,Compact,,,,,,
Randy Hundley,R,71,170,0.236,82,23.77504463,Compact,,,,,,
Mike Ivie,R,75,205,0.269,81,25.69333333,Hefty,,,,,,
John Bateman,R,75,210,0.23,81,26.32,Hefty,,,,,,
Johnny Edwards,L,76,220,0.242,81,26.85249307,Hefty,,,,,,
Ed Herrmann,L,73,195,0.24,80,25.79752299,Hefty,,,,,,
Dick Green,R,70,180,0.24,80,25.89795918,Hefty,,,,,,
Joel Youngblood,R,72,180,0.265,80,24.47916667,Hefty,,,,,,
Mike Hargrove,L,72,195,0.29,80,26.51909722,Hefty,,,,,,
Roy Howell,L,73,190,0.261,80,25.13604804,Hefty,,,,,,
Bob Tillman,R,76,205,0.232,79,25.02164127,Hefty,,,,,,
Juan Beniquez,R,71,150,0.274,79,20.97798056,Lanky,,,,,,
Bert Campaneris,R,70,160,0.259,79,23.02040816,Compact,,,,,,
Julian Javier,R,73,175,0.257,78,23.15162319,Compact,,,,,,
Otto Velez,R,72,170,0.251,78,23.11921296,Compact,,,,,,
Alex Johnson,R,72,205,0.288,78,27.87905093,Hefty,,,,,,
Phil Bradley,R,72,185,0.286,78,25.15914352,Hefty,,,,,,
Leon Roberts,R,75,200,0.267,78,25.06666667,Hefty,,,,,,
Rich Rollins,R,70,185,0.269,77,26.61734694,Hefty,,,,,,
Leroy Stanton,R,73,195,0.244,77,25.79752299,Hefty,,,,,,
Milt May,L,72,190,0.263,77,25.83912037,Hefty,,,,,,
Tim Laudner,R,75,212,0.225,77,26.57066667,Hefty,,,,,,
Jim Dwyer,L,70,165,0.26,77,23.73979592,Compact,,,,,,
Don Wert,R,70,162,0.242,77,23.30816327,Compact,,,,,,
George Mitterwald,R,74,195,0.236,76,25.10500365,Hefty,,,,,,
Tony Horton,R,75,210,0.268,76,26.32,Hefty,,,,,,
Pat Kelly,L,73,185,0.264,76,24.47457309,Hefty,,,,,,
Tommy McCraw,L,72,183,0.246,75,24.88715278,Hefty,,,,,,
Ralph Garr,L,71,185,0.306,75,25.87284269,Hefty,,,,,,
Jim Lefebvre,B,72,180,0.251,74,24.47916667,Hefty,,,,,,
Bernie Allen,L,72,175,0.239,73,23.79918981,Compact,,,,,,
Andy Kosco,R,75,205,0.236,73,25.69333333,Hefty,,,,,,
Ron Swoboda,R,74,195,0.242,73,25.10500365,Hefty,,,,,,
Mitchell Page,L,74,205,0.266,72,26.39243974,Hefty,,,,,,
Mike Young,B,74,195,0.247,72,25.10500365,Hefty,,,,,,
Tom Brookens,R,70,165,0.246,71,23.73979592,Compact,,,,,,
Glenn Hubbard,R,69,150,0.244,70,22.21172023,Lanky,,,,,,
Jerry Mumphrey,B,74,185,0.289,70,23.81756757,Compact,,,,,,
Charley Smith,R,73,170,0.239,69,22.49014825,Lanky,,,,,,
John Ellis,R,74,225,0.262,69,28.96731191,Hefty,,,,,,
Ken Reitz,R,72,180,0.26,68,24.47916667,Hefty,,,,,,
Steve Henderson,R,74,190,0.28,68,24.46128561,Hefty,,,,,,
Art Shamsky,L,73,168,0.253,68,22.22555827,Lanky,,,,,,
Mike Shannon,R,75,195,0.255,68,24.44,Hefty,,,,,,
Floyd Robinson,L,69,175,0.283,67,25.9136736,Hefty,,,,,,
Merv Rettenmund,R,70,190,0.271,66,27.33673469,Hefty,,,,,,
Dick Dietz,R,73,195,0.261,66,25.79752299,Hefty,,,,,,
Mike Andrews,R,75,195,0.258,66,24.44,Hefty,,,,,,
Danny Cater,R,72,170,0.276,66,23.11921296,Compact,,,,,,
Joe Lahoud,L,73,198,0.223,65,26.19440796,Hefty,,,,,,
Charlie Spikes,R,75,215,0.246,65,26.94666667,Hefty,,,,,,
Lou Clinton,R,73,185,0.247,65,24.47457309,Hefty,,,,,,
Manny Sanguillen,R,72,193,0.296,65,26.24710648,Hefty,,,,,,
Tom Grieve,R,74,190,0.249,65,24.46128561,Hefty,,,,,,
Butch Wynegar,B,73,190,0.255,65,25.13604804,Hefty,,,,,,
Lamar Johnson,R,74,215,0.287,64,27.67987582,Hefty,,,,,,
Wes Parker,B,73,180,0.267,64,23.81309814,Compact,,,,,,
Jeff Newman,R,74,215,0.224,63,27.67987582,Hefty,,,,,,
Pat Putnam,L,72,205,0.255,63,27.87905093,Hefty,,,,,,
Bake McBride,L,74,190,0.299,63,24.46128561,Hefty,,,,,,
Ellie Hendricks,L,73,175,0.22,62,23.15162319,Compact,,,,,,
Dave Revering,L,76,210,0.265,62,25.63192521,Hefty,,,,,,
Wayne Garrett,L,71,175,0.239,61,24.47431065,Hefty,,,,,,
Gary Thomasson,L,73,180,0.249,61,23.81309814,Compact,,,,,,
Mickey Rivers,L,70,165,0.295,61,23.73979592,Compact,,,,,,
Ray Fosse,R,74,215,0.256,61,27.67987582,Hefty,,,,,,
Bill Schroeder,R,74,200,0.24,61,25.74872169,Hefty,,,,,,
Dave Nicholson,R,74,215,0.212,61,27.67987582,Hefty,,,,,,
Manny Trillo,R,73,150,0.263,61,19.84424845,Lanky,,,,,,
Ed Brinkman,R,72,170,0.224,60,23.11921296,Compact,,,,,,
Enos Cabell,R,76,170,0.277,60,20.74965374,Lanky,,,,,,
Adolfo Phillips,R,73,175,0.247,59,23.15162319,Compact,,,,,,
Bill Sudakis,B,73,190,0.234,59,25.13604804,Hefty,,,,,,
Ron LeFlore,R,72,200,0.288,59,27.19907407,Hefty,,,,,,
Buck Martinez,R,70,190,0.225,58,27.33673469,Hefty,,,,,,
Ken Berry,R,72,175,0.255,58,23.79918981,Compact,,,,,,
Joe Foy,R,72,215,0.248,58,29.23900463,Hefty,,,,,,
Paul Schaal,R,71,165,0.244,57,23.07577862,Compact,,,,,,
Barry Foote,R,75,205,0.23,57,25.69333333,Hefty,,,,,,
Rick Manning,L,73,180,0.257,56,23.81309814,Compact,,,,,,
Bobby Knoop,R,73,170,0.236,56,22.49014825,Lanky,,,,,,
Ron Jackson,R,72,200,0.259,56,27.19907407,Hefty,,,,,,
Barry Bonnell,R,75,190,0.272,56,23.81333333,Compact,,,,,,
Gene Alley,R,70,160,0.254,55,23.02040816,Compact,,,,,,
Gary Alexander,R,74,195,0.23,55,25.10500365,Hefty,,,,,,
Clay Dalrymple,L,72,190,0.233,55,25.83912037,Hefty,,,,,,
Cookie Rojas,R,70,160,0.263,54,23.02040816,Compact,,,,,,
Al Bumbry,L,68,170,0.281,54,25.91911765,Hefty,,,,,,
Champ Summers,L,74,205,0.255,54,26.39243974,Hefty,,,,,,
Johnny Ray,B,71,170,0.29,53,23.77504463,Compact,,,,,,
Mike Hegan,L,73,188,0.242,53,24.87145806,Hefty,,,,,,
Rich Reese,L,75,185,0.253,52,23.18666667,Compact,,,,,,
Steve Braun,L,70,180,0.271,52,25.89795918,Hefty,,,,,,
Buddy Bradford,R,71,170,0.226,52,23.77504463,Compact,,,,,,
Ron Blomberg,L,73,195,0.293,52,25.79752299,Hefty,,,,,,
Cesar Geronimo,L,72,165,0.258,51,22.43923611,Lanky,,,,,,
Al Ferrara,R,73,200,0.259,51,26.45899794,Hefty,,,,,,
Joe Azcue,R,72,190,0.252,50,25.83912037,Hefty,,,,,,
Paul Casanova,R,76,180,0.225,50,21.97022161,Lanky,,,,,,
Tony Solaita,L,72,210,0.255,50,28.55902778,Hefty,,,,,,
Rick Burleson,R,70,165,0.273,50,23.73979592,Compact,,,,,,
Andy Etchebarren,R,73,190,0.235,49,25.13604804,Hefty,,,,,,
Dave Roberts,R,75,215,0.239,49,26.94666667,Hefty,,,,,,
Dale Berra,R,72,180,0.236,49,24.47916667,Hefty,,,,,,
Lou Johnson,R,71,170,0.258,48,23.77504463,Compact,,,,,,
Larry Brown,R,70,160,0.233,47,23.02040816,Compact,,,,,,
Cesar Tovar,R,69,155,0.278,46,22.9521109,Compact,,,,,,
John Stearns,R,72,185,0.26,46,25.15914352,Hefty,,,,,,
Willie Smith,L,72,182,0.248,46,24.75115741,Hefty,,,,,,
Bill Sample,R,69,175,0.272,46,25.9136736,Hefty,,,,,,
Craig Kusick,R,75,210,0.235,46,26.32,Hefty,,,,,,
Bill Russell,R,72,175,0.263,46,23.79918981,Compact,,,,,,
Sam Bowens,R,73,188,0.223,45,24.87145806,Hefty,,,,,,
Jerry Turner,L,69,180,0.257,45,26.65406427,Hefty,,,,,,
Roy Foster,R,72,185,0.253,45,25.15914352,Hefty,,,,,,
Tito Fuentes,B,71,175,0.268,45,24.47431065,Hefty,,,,,,
Darryl Motley,R,69,196,0.243,44,29.02331443,Hefty,,,,,,
Bob Johnson,R,70,175,0.272,44,25.17857143,Hefty,,,,,,
Bill Stein,R,70,170,0.267,44,24.45918367,Hefty,,,,,,
Phil Roof,R,74,190,0.215,43,24.46128561,Hefty,,,,,,
Derrel Thomas,B,72,160,0.249,43,21.75925926,Lanky,,,,,,
Art Howe,R,74,190,0.26,43,24.46128561,Hefty,,,,,,
Rich Dauer,R,72,180,0.257,43,24.47916667,Hefty,,,,,,
Eddie Milner,L,71,173,0.253,42,24.19460425,Hefty,,,,,,
Terry Crowley,L,72,180,0.25,42,24.47916667,Hefty,,,,,,
Andres Thomas,R,73,170,0.234,42,22.49014825,Lanky,,,,,,
Craig Reynolds,L,73,175,0.256,42,23.15162319,Compact,,,,,,
Ron Oester,B,74,185,0.265,42,23.81756757,Compact,,,,,,
George Wright,B,71,180,0.245,42,25.17357667,Hefty,,,,,,
Walt Bond,L,79,228,0.256,41,25.7554879,Hefty,,,,,,
Billy Bryan,L,76,200,0.216,41,24.41135734,Hefty,,,,,,
Dalton Jones,L,73,180,0.235,41,23.81309814,Compact,,,,,,
Rennie Stennett,R,71,160,0.274,41,22.3765126,Lanky,,,,,,
Dave Stapleton,R,73,178,0.271,41,23.54850816,Compact,,,,,,
John Castino,R,71,175,0.278,41,24.47431065,Hefty,,,,,,
Freddie Patek,R,65,148,0.242,41,24.69585799,Hefty,,,,,,
Bucky Dent,R,69,170,0.247,40,25.17328292,Hefty,,,,,,
Billy Conigliaro,R,72,180,0.256,40,24.47916667,Hefty,,,,,,
Billy Cowan,R,72,170,0.236,40,23.11921296,Compact,,,,,,
Joe Hague,L,72,195,0.239,40,26.51909722,Hefty,,,,,,
Marvell Wynne,L,71,175,0.247,40,24.47431065,Hefty,,,,,,
John Orsino,R,75,215,0.249,40,26.94666667,Hefty,,,,,,
Jerry Royster,R,72,165,0.249,40,22.43923611,Lanky,,,,,,
Ed Spiezio,R,71,180,0.238,39,25.17357667,Hefty,,,,,,
Ron Hunt,R,72,186,0.273,39,25.29513889,Hefty,,,,,,
Frank Fernandez,R,72,185,0.199,39,25.15914352,Hefty,,,,,,
Hector Cruz,R,71,170,0.225,39,23.77504463,Compact,,,,,,
Rob Wilfong,L,73,180,0.248,39,23.81309814,Compact,,,,,,
Wayne Nordhagen,R,74,205,0.282,39,26.39243974,Hefty,,,,,,
Jerry Grote,R,70,185,0.252,39,26.61734694,Hefty,,,,,,
Benny Ayala,R,73,185,0.251,38,24.47457309,Hefty,,,,,,
Chris Brown,R,72,185,0.269,38,25.15914352,Hefty,,,,,,
Mickey Hatcher,R,74,200,0.28,38,25.74872169,Hefty,,,,,,
Brant Alyea,R,75,215,0.247,38,26.94666667,Hefty,,,,,,
Floyd Rayford,R,70,190,0.244,38,27.33673469,Hefty,,,,,,
Omar Moreno,L,74,180,0.252,37,23.17384953,Compact,,,,,,
Pedro Garcia,R,70,175,0.22,37,25.17857143,Hefty,,,,,,
Dave Hostetler,R,76,215,0.229,37,26.24220914,Hefty,,,,,,
Luis Aguayo,R,69,173,0.236,37,25.61751733,Hefty,,,,,,
Len Gabrielson,L,76,210,0.253,37,25.63192521,Hefty,,,,,,
Bump Wills,B,69,172,0.266,36,25.46943919,Hefty,,,,,,
Larry Stahl,L,72,175,0.232,36,23.79918981,Compact,,,,,,
Vic Davalillo,L,67,150,0.279,36,23.55758521,Compact,,,,,,
Terry Harper,R,76,195,0.253,36,23.80107341,Compact,,,,,,
Ted Uhlaender,L,74,190,0.263,36,24.46128561,Hefty,,,,,,
Damaso Garcia,R,73,165,0.283,36,21.8286733,Lanky,,,,,,
Charlie Moore,R,71,180,0.261,36,25.17357667,Hefty,,,,,,
Bill Almon,R,75,180,0.254,36,22.56,Compact,,,,,,
Rusty Torres,B,70,175,0.212,35,25.17857143,Hefty,,,,,,
Al Woods,L,75,190,0.271,35,23.81333333,Compact,,,,,,
R.J. Reynolds,B,72,190,0.267,35,25.83912037,Hefty,,,,,,
Jake Wood,R,73,163,0.25,35,21.56408332,Lanky,,,,,,
Marc Hill,R,75,205,0.223,34,25.69333333,Hefty,,,,,,
Mike Vail,R,73,180,0.279,34,23.81309814,Compact,,,,,,
Glenn Adams,L,73,180,0.28,34,23.81309814,Compact,,,,,,
Todd Cruz,R,72,175,0.22,34,23.79918981,Compact,,,,,,
Mike Cubbage,L,72,180,0.258,34,24.47916667,Hefty,,,,,,
Tommy Helms,R,70,165,0.269,34,23.73979592,Compact,,,,,,
Ted Savage,R,73,185,0.233,34,24.47457309,Hefty,,,,,,
Walt Williams,R,66,165,0.27,33,26.70454545,Hefty,,,,,,
Terry Whitfield,L,73,197,0.281,33,26.06211297,Hefty,,,,,,
Jim Essian,R,74,195,0.244,33,25.10500365,Hefty,,,,,,
Bob Stinson,B,71,180,0.25,33,25.17357667,Hefty,,,,,,
Ed Ott,L,70,190,0.259,33,27.33673469,Hefty,,,,,,
Al Luplow,L,70,175,0.235,33,25.17857143,Hefty,,,,,,
Ivan Murrell,R,74,195,0.236,33,25.10500365,Hefty,,,,,,
Dave Collins,B,71,175,0.272,32,24.47431065,Hefty,,,,,,
Jesus Alou,R,74,190,0.28,32,24.46128561,Hefty,,,,,,
Mickey Brantley,R,70,180,0.259,32,25.89795918,Hefty,,,,,,
Clint Hurdle,L,75,195,0.259,32,24.44,Hefty,,,,,,
Joe Lis,R,72,175,0.233,32,23.79918981,Compact,,,,,,
Rowland Office,L,72,170,0.259,32,23.11921296,Compact,,,,,,
John Kennedy,R,72,185,0.225,32,25.15914352,Hefty,,,,,,
Ken Boswell,L,72,170,0.248,31,23.11921296,Compact,,,,,,
Chico Salmon,R,70,160,0.249,31,23.02040816,Compact,,,,,,
Dave Engle,R,75,210,0.262,31,26.32,Hefty,,,,,,
Mike Diaz,R,74,195,0.247,31,25.10500365,Hefty,,,,,,
Matty Alou,L,69,160,0.307,31,23.69250158,Compact,,,,,,
Joe Lefebvre,L,70,170,0.258,31,24.45918367,Hefty,,,,,,
Carl Warwick,R,70,170,0.248,31,24.45918367,Hefty,,,,,,
Manny Mota,R,70,160,0.304,31,23.02040816,Compact,,,,,,
David Green,R,75,170,0.268,31,21.30666667,Lanky,,,,,,
Leron Lee,L,72,196,0.25,31,26.65509259,Hefty,,,,,,
Fred Kendall,R,73,185,0.234,31,24.47457309,Hefty,,,,,,
Buck Rodgers,B,74,190,0.232,31,24.46128561,Hefty,,,,,,
Byron Browne,R,74,190,0.236,30,24.46128561,Hefty,,,,,,
Jack Brohamer,L,70,165,0.245,30,23.73979592,Compact,,,,,,
Von Joshua,L,70,170,0.273,30,24.45918367,Hefty,,,,,,
Duffy Dyer,R,72,187,0.221,30,25.43113426,Hefty,,,,,,
Ed Goodson,L,75,180,0.26,30,22.56,Compact,,,,,,
Steve Brye,R,72,190,0.258,30,25.83912037,Hefty,,,,,,
Jerry Hairston,B,70,170,0.258,30,24.45918367,Hefty,,,,,,
Jim Gosger,L,71,185,0.226,30,25.87284269,Hefty,,,,,,
Len Matuszek,L,74,190,0.234,30,24.46128561,Hefty,,,,,,
Pete Mackanin,R,74,190,0.226,30,24.46128561,Hefty,,,,,,
Dave Rader,L,71,165,0.257,30,23.07577862,Compact,,,,,,
Bobby Wine,R,73,187,0.215,30,24.73916307,Hefty,,,,,,
Paul Householder,B,72,180,0.236,29,24.47916667,Hefty,,,,,,
Vic Correll,R,70,185,0.229,29,26.61734694,Hefty,,,,,,
Larry Biittner,L,74,205,0.273,29,26.39243974,Hefty,,,,,,
Charlie James,R,73,195,0.255,29,25.79752299,Hefty,,,,,,
Rey Quinones,R,71,160,0.243,29,22.3765126,Lanky,,,,,,
Joe Charboneau,R,74,205,0.266,29,26.39243974,Hefty,,,,,,
Mike Ryan,R,74,205,0.193,28,26.39243974,Hefty,,,,,,
Danny Walton,R,72,195,0.223,28,26.51909722,Hefty,,,,,,
Coco Laboy,R,70,165,0.233,28,23.73979592,Compact,,,,,,
Billy Grabarkewitz,R,70,165,0.236,28,23.73979592,Compact,,,,,,
Mike Anderson,R,74,200,0.246,28,25.74872169,Hefty,,,,,,
Rick Miller,L,72,175,0.269,28,23.79918981,Compact,,,,,,
Joe Nolan,L,71,175,0.263,27,24.47431065,Hefty,,,,,,
Kurt Bevacqua,R,72,180,0.236,27,24.47916667,Hefty,,,,,,
Horace Clarke,B,69,170,0.256,27,25.17328292,Hefty,,,,,,
Mike Tyson,R,69,170,0.241,27,25.17328292,Hefty,,,,,,
U L Washington,B,71,175,0.251,27,24.47431065,Hefty,,,,,,
George Vukovich,L,72,198,0.268,27,26.92708333,Hefty,,,,,,
Bob Kearney,R,72,190,0.233,27,25.83912037,Hefty,,,,,,
Dick Davis,R,75,190,0.265,27,23.81333333,Compact,,,,,,
Chris Bando,B,72,195,0.227,27,26.51909722,Hefty,,,,,,
Pete LaCock,L,74,200,0.257,27,25.74872169,Hefty,,,,,,
Jerry McNertney,R,72,180,0.237,27,24.47916667,Hefty,,,,,,
Felix Torres,R,71,165,0.254,27,23.07577862,Compact,,,,,,
Len Randle,B,70,169,0.257,27,24.31530612,Hefty,,,,,,
Jim Traber,L,72,194,0.227,27,26.38310185,Hefty,,,,,,
Andres Mora,R,72,180,0.223,27,24.47916667,Hefty,,,,,,
Manny Jimenez,L,73,185,0.272,26,24.47457309,Hefty,,,,,,
Mike Hershberger,R,70,175,0.252,26,25.17857143,Hefty,,,,,,
Bobby Brown,B,74,190,0.245,26,24.46128561,Hefty,,,,,,
Bruce Bochy,R,75,205,0.239,26,25.69333333,Hefty,,,,,,
Jose Morales,R,71,187,0.287,26,26.1525491,Hefty,,,,,,
Gene Richards,L,72,175,0.29,26,23.79918981,Compact,,,,,,
Ron Woods,R,70,168,0.233,26,24.17142857,Hefty,,,,,,
John Boccabella,R,73,195,0.219,26,25.79752299,Hefty,,,,,,
Jesse Gonder,L,70,180,0.251,26,25.89795918,Hefty,,,,,,
Bob Coluccio,R,71,183,0.22,26,25.59313628,Hefty,,,,,,
Frank Duffy,R,73,180,0.232,26,23.81309814,Compact,,,,,,
Jake Gibbs,L,72,180,0.233,25,24.47916667,Hefty,,,,,,
Mike de la Hoz,R,71,175,0.251,25,24.47431065,Hefty,,,,,,
Lenn Sakata,R,69,160,0.23,25,23.69250158,Compact,,,,,,
Tim Foli,R,72,179,0.251,25,24.3431713,Hefty,,,,,,
Curt Motton,R,68,164,0.213,25,25.00432526,Hefty,,,,,,
Bill Nahorodny,R,74,200,0.241,25,25.74872169,Hefty,,,,,,
Jerry Moses,R,75,210,0.251,25,26.32,Hefty,,,,,,
Mark Brouhard,R,73,210,0.259,25,27.78194783,Hefty,,,,,,
Gail Hopkins,L,70,198,0.266,25,28.4877551,Hefty,,,,,,
Syd O'Brien,R,73,185,0.23,24,24.47457309,Hefty,,,,,,
Steve Whitaker,L,72,180,0.23,24,24.47916667,Hefty,,,,,,
Ken Gerhart,R,72,190,0.221,24,25.83912037,Hefty,,,,,,
Duane Walker,L,72,185,0.229,24,25.15914352,Hefty,,,,,,
Gary Gray,R,72,187,0.24,24,25.43113426,Hefty,,,,,,
Eddie Leon,R,72,170,0.236,24,23.11921296,Compact,,,,,,
Hal King,L,73,200,0.214,24,26.45899794,Hefty,,,,,,
Norm Miller,L,70,185,0.238,24,26.61734694,Hefty,,,,,,
Bob Chance,L,74,196,0.261,24,25.23374726,Hefty,,,,,,
Steve Ontiveros,B,72,185,0.274,24,25.15914352,Hefty,,,,,,
Gary Sutherland,R,72,185,0.243,24,25.15914352,Hefty,,,,,,
Chuck Schilling,R,70,160,0.239,23,23.02040816,Compact,,,,,,
Duane Josephson,R,72,190,0.258,23,25.83912037,Hefty,,,,,,
Bob Montgomery,R,73,195,0.258,23,25.79752299,Hefty,,,,,,
Ted Sizemore,R,70,165,0.262,23,23.73979592,Compact,,,,,,
Bob Dernier,R,72,160,0.255,23,21.75925926,Lanky,,,,,,
Alex Trevino,R,70,165,0.249,23,23.73979592,Compact,,,,,,
Mike Brown,R,74,195,0.265,23,25.10500365,Hefty,,,,,,
Lyman Bostock,L,73,180,0.311,23,23.81309814,Compact,,,,,,
Julio Cruz,B,69,165,0.237,23,24.43289225,Hefty,,,,,,
Glenn Hoffman,R,73,175,0.242,23,23.15162319,Compact,,,,,,
Jerry Buchek,R,71,185,0.22,22,25.87284269,Hefty,,,,,,
Johnny Lewis,L,73,189,0.227,22,25.00375305,Hefty,,,,,,
Angel Mangual,R,70,178,0.245,22,25.61020408,Hefty,,,,,,
Roger Freed,R,72,190,0.245,22,25.83912037,Hefty,,,,,,
Tom Hutton,L,71,180,0.248,22,25.17357667,Hefty,,,,,,
Jack Hiatt,R,74,190,0.251,22,24.46128561,Hefty,,,,,,
Nelson Mathews,R,76,195,0.223,22,23.80107341,Compact,,,,,,
Felix Millan,R,71,172,0.279,22,24.05475104,Hefty,,,,,,
Johnnie LeMaster,R,74,165,0.222,22,21.2426954,Lanky,,,,,,
Tom Egan,R,76,218,0.2,22,26.6083795,Hefty,,,,,,
Reid Nichols,R,71,165,0.266,22,23.07577862,Compact,,,,,,
Marty Perez,R,71,160,0.246,22,22.3765126,Lanky,,,,,,
Glenn Beckert,R,73,190,0.283,22,25.13604804,Hefty,,,,,,
Ivan DeJesus,R,71,175,0.254,21,24.47431065,Hefty,,,,,,
Tom Satriano,L,73,185,0.225,21,24.47457309,Hefty,,,,,,
Dave McKay,B,73,195,0.229,21,25.79752299,Hefty,,,,,,
Dave Cash,R,71,170,0.283,21,23.77504463,Compact,,,,,,
Jerry White,B,70,164,0.253,21,23.59591837,Compact,,,,,,
Bobby Mitchell,R,75,185,0.235,21,23.18666667,Compact,,,,,,
Jerry Narron,L,75,205,0.211,21,25.69333333,Hefty,,,,,,
Jim Wohlford,R,71,175,0.26,21,24.47431065,Hefty,,,,,,
Biff Pocoroba,B,70,175,0.257,21,25.17857143,Hefty,,,,,,
John Wathan,R,74,205,0.262,21,26.39243974,Hefty,,,,,,
Joe Gaines,R,73,190,0.241,21,25.13604804,Hefty,,,,,,
Hal Breeden,R,74,200,0.243,21,25.74872169,Hefty,,,,,,
Dick Nen,L,74,200,0.224,21,25.74872169,Hefty,,,,,,
Steve Lombardozzi,R,72,175,0.233,20,23.79918981,Compact,,,,,,
Steve Swisher,R,74,205,0.216,20,26.39243974,Hefty,,,,,,
Chuck Hiller,L,71,170,0.243,20,23.77504463,Compact,,,,,,
Mark Belanger,R,73,170,0.228,20,22.49014825,Lanky,,,,,,
Carmen Fanzone,R,72,200,0.224,20,27.19907407,Hefty,,,,,,
Larvell Blanks,R,68,167,0.253,20,25.46172145,Hefty,,,,,,
Ike Brown,R,72,190,0.256,20,25.83912037,Hefty,,,,,,
Billy North,B,71,185,0.261,20,25.87284269,Hefty,,,,,,
Rich McKinney,R,71,185,0.225,20,25.87284269,Hefty,,,,,,
Bob Jones,L,74,195,0.221,20,25.10500365,Hefty,,,,,,
Fran Healy,R,77,220,0.25,20,26.15955473,Hefty,,,,,,
Thad Bosley,L,75,175,0.272,20,21.93333333,Lanky,,,,,,
Dave Nelson,R,70,160,0.244,20,23.02040816,Compact,,,,,,
Rick Renick,R,72,188,0.221,20,25.56712963,Hefty,,,,,,
Dave Campbell,R,73,180,0.213,20,23.81309814,Compact,,,,,,
Ron Washington,R,71,155,0.261,20,21.67724658,Lanky,,,,,,
Garth Iorg,R,71,170,0.258,20,23.77504463,Compact,,,,,,
Doug Frobel,L,76,196,0.201,20,23.92313019,Compact,,,,,,
Ron Hodges,L,73,185,0.24,19,24.47457309,Hefty,,,,,,
Gary Allenson,R,71,185,0.221,19,25.87284269,Hefty,,,,,,
Bobby Clark,R,72,190,0.239,19,25.83912037,Hefty,,,,,,
Jim Holt,L,72,180,0.265,19,24.47916667,Hefty,,,,,,
Bill Voss,L,74,160,0.227,19,20.59897736,Lanky,,,,,,
Cap Peterson,R,74,195,0.23,19,25.10500365,Hefty,,,,,,
Alan Bannister,R,71,170,0.27,19,23.77504463,Compact,,,,,,
Hector Torres,R,72,175,0.216,18,23.79918981,Compact,,,,,,
Elliott Maddox,R,71,180,0.261,18,25.17357667,Hefty,,,,,,
Willie Norwood,R,72,185,0.242,18,25.15914352,Hefty,,,,,,
Johnny Jeter,R,73,180,0.244,18,23.81309814,Compact,,,,,,
Chris Cannizzaro,R,72,190,0.235,18,25.83912037,Hefty,,,,,,
Doug Camilli,R,71,195,0.199,18,27.27137473,Hefty,,,,,,
Jim Price,R,72,192,0.214,18,26.11111111,Hefty,,,,,,
Rudy Law,L,73,165,0.271,18,21.8286733,Lanky,,,,,,
Bruce Benedict,R,73,175,0.242,18,23.15162319,Compact,,,,,,
Harry Spilman,L,73,180,0.237,18,23.81309814,Compact,,,,,,
Rick Leach,L,73,180,0.268,18,23.81309814,Compact,,,,,,
Ted Ford,R,70,180,0.219,17,25.89795918,Hefty,,,,,,
Tony Scott,B,72,164,0.249,17,22.30324074,Lanky,,,,,,
Billy Smith,B,74,185,0.23,17,23.81756757,Compact,,,,,,
Rick Bosetti,R,71,185,0.25,17,25.87284269,Hefty,,,,,,
Ray Webster,L,72,185,0.244,17,25.15914352,Hefty,,,,,,
Fernando Gonzalez,R,70,165,0.235,17,23.73979592,Compact,,,,,,
Rob Picciolo,R,74,185,0.234,17,23.81756757,Compact,,,,,,
Chuck Harrison,R,70,185,0.238,17,26.61734694,Hefty,,,,,,
Hosken Powell,L,73,175,0.259,17,23.15162319,Compact,,,,,,
Ron Roenicke,B,72,180,0.238,17,24.47916667,Hefty,,,,,,
Doug Ault,R,75,200,0.236,17,25.06666667,Hefty,,,,,,
Bob Brower,R,71,185,0.242,17,25.87284269,Hefty,,,,,,
Denny Doyle,L,69,175,0.25,16,25.9136736,Hefty,,,,,,
Wayne Comer,R,70,175,0.229,16,25.17857143,Hefty,,,,,,
Dick Howser,R,68,155,0.248,16,23.63213668,Compact,,,,,,
Jim Nettles,L,72,186,0.22,16,25.29513889,Hefty,,,,,,
Glenn Borgmann,R,76,210,0.229,16,25.63192521,Hefty,,,,,,
Dick Billings,R,73,195,0.227,16,25.79752299,Hefty,,,,,,
Steve Huntz,B,73,204,0.206,16,26.98817789,Hefty,,,,,,
Ned Yost,R,73,190,0.212,16,25.13604804,Hefty,,,,,,
Dave Marshall,L,73,182,0.246,16,24.07768812,Hefty,,,,,,
Joe Wallis,B,71,180,0.244,16,25.17357667,Hefty,,,,,,
Terry Francona,L,73,190,0.274,16,25.13604804,Hefty,,,,,,
Pepe Mangual,R,70,157,0.242,16,22.58877551,Compact,,,,,,
Ellie Rodriguez,R,71,185,0.245,16,25.87284269,Hefty,,,,,,
Rick Wise,R,73,180,0.195,15,23.81309814,Compact,,,,,,
Ray Oyler,R,71,165,0.175,15,23.07577862,Compact,,,,,,
Dick Simpson,R,76,176,0.207,15,21.48199446,Lanky,,,,,,
Dave Chalk,R,70,175,0.252,15,25.17857143,Hefty,,,,,,
Danny Thompson,R,72,183,0.248,15,24.88715278,Hefty,,,,,,
Larry Bowa,B,70,155,0.26,15,22.30102041,Lanky,,,,,,
Jerry May,R,74,190,0.234,15,24.46128561,Hefty,,,,,,
Doc Edwards,R,74,215,0.238,15,27.67987582,Hefty,,,,,,
Wayne Krenchicki,L,73,180,0.266,15,23.81309814,Compact,,,,,,
Don Leppert,R,74,220,0.229,15,28.32359386,Hefty,,,,,,
Daryl Sconiers,L,74,185,0.265,15,23.81756757,Compact,,,,,,
Gene Michael,B,74,183,0.229,15,23.56008035,Compact,,,,,,
Johnny Oates,L,71,188,0.25,14,26.2924023,Hefty,,,,,,
Vern Fuller,R,73,170,0.232,14,22.49014825,Lanky,,,,,,
Tim Harkness,L,74,182,0.235,14,23.43133674,Compact,,,,,,
Mickey Klutts,R,71,170,0.241,14,23.77504463,Compact,,,,,,
John Hale,L,74,195,0.201,14,25.10500365,Hefty,,,,,,
Don Kessinger,B,73,170,0.252,14,22.49014825,Lanky,,,,,,
Bob Molinaro,L,72,190,0.264,14,25.83912037,Hefty,,,,,,
Tom Veryzer,R,73,175,0.241,14,23.15162319,Compact,,,,,,
Dane Iorg,L,72,180,0.276,14,24.47916667,Hefty,,,,,,
Ken Retzer,L,72,185,0.264,14,25.15914352,Hefty,,,,,,
Phil Gagliano,R,73,180,0.238,14,23.81309814,Compact,,,,,,
Paul Popovich,B,72,175,0.233,14,23.79918981,Compact,,,,,,
Bob Uecker,R,73,190,0.2,14,25.13604804,Hefty,,,,,,
Dave Edwards,R,72,170,0.237,14,23.11921296,Compact,,,,,,
Greg Pryor,R,72,180,0.25,14,24.47916667,Hefty,,,,,,
Ed Stroud,L,71,180,0.237,14,25.17357667,Hefty,,,,,,
Ken Hubbs,R,74,175,0.247,14,22.53013148,Compact,,,,,,
Rod Gilbreath,R,74,180,0.248,14,23.17384953,Compact,,,,,,
Jim Beauchamp,R,74,190,0.231,14,24.46128561,Hefty,,,,,,
Bubba Morton,R,70,175,0.267,14,25.17857143,Hefty,,,,,,
Darrel Chaney,B,74,188,0.217,14,24.20379839,Hefty,,,,,,
Bill Plummer,R,73,190,0.188,14,25.13604804,Hefty,,,,,,
Ted Kubiak,B,72,175,0.231,13,23.79918981,Compact,,,,,,
Gary Woods,R,74,185,0.243,13,23.81756757,Compact,,,,,,
Kevin Bell,R,72,195,0.222,13,26.51909722,Hefty,,,,,,
Danny Goodwin,L,73,195,0.236,13,25.79752299,Hefty,,,,,,
Fergie Jenkins,R,77,205,0.165,13,24.37594873,Hefty,,,,,,
Jim Anderson,R,72,170,0.218,13,23.11921296,Compact,,,,,,
Richie Scheinblum,B,73,180,0.263,13,23.81309814,Compact,,,,,,
Roberto Pena,R,68,170,0.245,13,25.91911765,Hefty,,,,,,
Rafael Santana,R,73,165,0.246,13,21.8286733,Lanky,,,,,,
Tommie Aaron,R,75,190,0.229,13,23.81333333,Compact,,,,,,
Steve Dillard,R,73,180,0.243,13,23.81309814,Compact,,,,,,
Sandy Alomar,B,69,140,0.245,13,20.73093888,Lanky,,,,,,
Mike Fiore,L,72,175,0.227,13,23.79918981,Compact,,,,,,
Tito Landrum,R,71,175,0.249,13,24.47431065,Hefty,,,,,,
Steve Carlton,L,76,210,0.201,13,25.63192521,Hefty,,,,,,
Vic Harris,B,71,165,0.217,13,23.07577862,Compact,,,,,,
Rick Joseph,R,73,192,0.243,13,25.40063802,Hefty,,,,,,
Bob Burda,L,71,174,0.224,13,24.33445745,Hefty,,,,,,
Tom O'Malley,L,72,180,0.256,13,24.47916667,Hefty,,,,,,
Tommie Reynolds,R,74,190,0.226,12,24.46128561,Hefty,,,,,,
Garry Hancock,L,72,175,0.247,12,23.79918981,Compact,,,,,,
Larry Haney,R,74,195,0.215,12,25.10500365,Hefty,,,,,,
Larry Cox,R,70,178,0.221,12,25.61020408,Hefty,,,,,,
Ron Pruitt,R,72,185,0.269,12,25.15914352,Hefty,,,,,,
Jim Mason,L,74,185,0.203,12,23.81756757,Compact,,,,,,
Dick Phillips,L,72,180,0.229,12,24.47916667,Hefty,,,,,,
Jackie Hernandez,R,71,165,0.208,12,23.07577862,Compact,,,,,,
Dan Briggs,L,72,180,0.195,12,24.47916667,Hefty,,,,,,
Alan Knicely,R,72,190,0.213,12,25.83912037,Hefty,,,,,,
Tim Corcoran,L,71,175,0.27,12,24.47431065,Hefty,,,,,,
Tom Seaver,R,73,195,0.154,12,25.79752299,Hefty,,,,,,
Rich Coggins,L,68,170,0.265,12,25.91911765,Hefty,,,,,,
Kiko Garcia,R,71,180,0.239,12,25.17357667,Hefty,,,,,,
John Stephenson,L,71,180,0.216,12,25.17357667,Hefty,,,,,,
Doug Clemens,L,72,180,0.229,12,24.47916667,Hefty,,,,,,
Sonny Siebert,R,75,190,0.173,12,23.81333333,Compact,,,,,,
Bob Forsch,R,76,200,0.213,12,24.41135734,Hefty,,,,,,
Bobby Valentine,R,70,189,0.26,12,27.19285714,Hefty,,,,,,
Larry Harlow,L,74,185,0.248,12,23.81756757,Compact,,,,,,
Brian Asselstine,L,73,175,0.254,12,23.15162319,Compact,,,,,,
Jeff Stone,L,72,175,0.277,11,23.79918981,Compact,,,,,,
Mike Phillips,L,72,170,0.24,11,23.11921296,Compact,,,,,,
Howie Goss,R,76,204,0.216,11,24.89958449,Hefty,,,,,,
Rufino Linares,R,72,170,0.27,11,23.11921296,Compact,,,,,,
Al Gallagher,R,72,180,0.263,11,24.47916667,Hefty,,,,,,
Barbaro Garbey,R,70,170,0.267,11,24.45918367,Hefty,,,,,,
Ken Walters,R,73,180,0.231,11,23.81309814,Compact,,,,,,
Tony Cloninger,R,72,210,0.192,11,28.55902778,Hefty,,,,,,
Larry Milbourne,B,72,161,0.254,11,21.89525463,Lanky,,,,,,
Phil Linz,R,73,180,0.235,11,23.81309814,Compact,,,,,,
Jimmie Schaffer,R,69,170,0.223,11,25.17328292,Hefty,,,,,,
Steve Nicosia,R,70,185,0.248,11,26.61734694,Hefty,,,,,,
Dick Bertell,R,72,200,0.25,10,27.19907407,Hefty,,,,,,
Bruce Boisclair,L,74,185,0.263,10,23.81756757,Compact,,,,,,
Bombo Rivera,R,70,187,0.265,10,26.90510204,Hefty,,,,,,
Ted Cox,R,75,195,0.245,10,24.44,Hefty,,,,,,
Paul Dade,R,73,185,0.27,10,24.47457309,Hefty,,,,,,
Fred Stanley,R,70,165,0.216,10,23.73979592,Compact,,,,,,
Brian Giles,R,73,165,0.228,10,21.8286733,Lanky,,,,,,
J.R. Richard,R,80,222,0.168,10,24.4546875,Hefty,,,,,,
Dave Rosello,R,71,160,0.236,10,22.3765126,Lanky,,,,,,
Carl Taylor,R,74,200,0.266,10,25.74872169,Hefty,,,,,,
Ron Davis,R,72,175,0.233,10,23.79918981,Compact,,,,,,
Tom Poquette,L,70,175,0.268,10,25.17857143,Hefty,,,,,,
Bobby Cox,R,71,180,0.225,9,25.17357667,Hefty,,,,,,
Jim Lyttle,L,72,180,0.248,9,24.47916667,Hefty,,,,,,
Gene Locklear,L,70,165,0.274,9,23.73979592,Compact,,,,,,
Jack Heidemann,R,72,175,0.211,9,23.79918981,Compact,,,,,,
Tim Flannery,L,71,175,0.255,9,24.47431065,Hefty,,,,,,
Rick Rhoden,R,75,195,0.238,9,24.44,Hefty,,,,,,
Tim Cullen,R,73,185,0.22,9,24.47457309,Hefty,,,,,,
Joe Keough,L,72,185,0.246,9,25.15914352,Hefty,,,,,,
Jim Pankovits,R,70,170,0.25,9,24.45918367,Hefty,,,,,,
Joe Simpson,L,75,175,0.242,9,21.93333333,Lanky,,,,,,
George Smith,R,70,170,0.205,9,24.45918367,Hefty,,,,,,
Rick Auerbach,R,72,165,0.22,9,22.43923611,Lanky,,,,,,
Rick Sofield,L,73,195,0.243,9,25.79752299,Hefty,,,,,,
Bob Bailor,R,71,170,0.264,9,23.77504463,Compact,,,,,,
Bob Barton,R,72,175,0.226,9,23.79918981,Compact,,,,,,
Dave McNally,R,71,185,0.133,9,25.87284269,Hefty,,,,,,
Wayne Tolleson,B,69,160,0.241,9,23.69250158,Compact,,,,,,
Bill Sharp,L,70,178,0.255,9,25.61020408,Hefty,,,,,,
Luis Melendez,R,72,165,0.248,9,22.43923611,Lanky,,,,,,
Pedro Gonzalez,R,72,176,0.244,8,23.93518519,Compact,,,,,,
Sal Butera,R,72,190,0.227,8,25.83912037,Hefty,,,,,,
Jimmy Stewart,B,72,165,0.237,8,22.43923611,Lanky,,,,,,
Boots Day,L,69,160,0.256,8,23.69250158,Compact,,,,,,
Domingo Ramos,R,70,154,0.24,8,22.15714286,Lanky,,,,,,
Phil Mankowski,L,72,180,0.264,8,24.47916667,Hefty,,,,,,
Bob Meacham,B,73,175,0.236,8,23.15162319,Compact,,,,,,
Hal Lanier,R,74,180,0.228,8,23.17384953,Compact,,,,,,
Dick Tracewski,R,71,160,0.213,8,22.3765126,Lanky,,,,,,
Steve Hovley,L,70,188,0.258,8,27.04897959,Hefty,,,,,,
Jeff Torborg,R,72,195,0.214,8,26.51909722,Hefty,,,,,,
Merritt Ranew,L,71,170,0.247,8,23.77504463,Compact,,,,,,
Russ Gibson,R,73,195,0.228,8,25.79752299,Hefty,,,,,,
Broderick Perkins,L,70,180,0.271,8,25.89795918,Hefty,,,,,,
Ed Romero,R,71,160,0.247,8,22.3765126,Lanky,,,,,,
Juan Bonilla,R,69,170,0.256,7,25.17328292,Hefty,,,,,,
Tony Muser,L,74,180,0.259,7,23.17384953,Compact,,,,,,
Jim Fairey,L,70,190,0.235,7,27.33673469,Hefty,,,,,,
Greg Gross,L,70,160,0.287,7,23.02040816,Compact,,,,,,
Junior Moore,R,71,185,0.264,7,25.87284269,Hefty,,,,,,
Dave Roberts,L,75,195,0.194,7,24.44,Hefty,,,,,,
Marv Breeding,R,72,175,0.25,7,23.79918981,Compact,,,,,,
Jim Norris,L,70,175,0.264,7,25.17857143,Hefty,,,,,,
Mel Stottlemyre,R,73,178,0.16,7,23.54850816,Compact,,,,,,
Bill Fahey,L,72,200,0.241,7,27.19907407,Hefty,,,,,,
Doug Flynn,R,71,165,0.238,7,23.07577862,Compact,,,,,,
Bud Harrelson,B,71,160,0.236,7,22.3765126,Lanky,,,,,,
Ted Martinez,R,72,165,0.24,7,22.43923611,Lanky,,,,,,
Stan Papi,R,72,170,0.218,7,23.11921296,Compact,,,,,,
Carl Morton,R,72,200,0.156,7,27.19907407,Hefty,,,,,,
Sonny Jackson,L,69,150,0.251,7,22.21172023,Lanky,,,,,,
Orlando Mercado,R,72,180,0.199,7,24.47916667,Hefty,,,,,,
Mario Guerrero,R,70,155,0.257,7,22.30102041,Lanky,,,,,,
Doug Griffin,R,72,160,0.245,7,21.75925926,Lanky,,,,,,
Jim Maloney,L,74,190,0.201,7,24.46128561,Hefty,,,,,,
Lynn Jones,R,69,175,0.252,7,25.9136736,Hefty,,,,,,
Al Weis,B,72,160,0.219,7,21.75925926,Lanky,,,,,,
Sandy Valdespino,L,68,170,0.23,7,25.91911765,Hefty,,,,,,
Don Hahn,R,73,180,0.236,7,23.81309814,Compact,,,,,,
Jim Rooker,R,72,195,0.201,7,26.51909722,Hefty,,,,,,
Jerry Kenney,L,73,170,0.237,7,22.49014825,Lanky,,,,,,
Curt Ford,L,70,150,0.245,7,21.58163265,Lanky,,,,,,
Phil Niekro,R,73,180,0.169,7,23.81309814,Compact,,,,,,
Jerry Remy,L,69,165,0.275,7,24.43289225,Hefty,,,,,,
Rod Kanehl,R,73,180,0.241,6,23.81309814,Compact,,,,,,
Frank Tepedino,L,71,185,0.241,6,25.87284269,Hefty,,,,,,
Brad Wellman,R,72,170,0.231,6,23.11921296,Compact,,,,,,
Dal Maxvill,R,71,157,0.217,6,21.95695299,Lanky,,,,,,
Rich Morales,R,71,170,0.195,6,23.77504463,Compact,,,,,,
Bob Davis,R,72,180,0.197,6,24.47916667,Hefty,,,,,,
Rick Sweet,B,73,200,0.234,6,26.45899794,Hefty,,,,,,
Terry Humphrey,R,75,185,0.211,6,23.18666667,Compact,,,,,,
Rich Chiles,L,71,170,0.254,6,23.77504463,Compact,,,,,,
Dave Hilton,R,71,191,0.213,6,26.71196191,Hefty,,,,,,
John Vukovich,R,73,187,0.161,6,24.73916307,Hefty,,,,,,
Bob Knepper,L,75,195,0.137,6,24.44,Hefty,,,,,,
Bobby Klaus,R,70,170,0.208,6,24.45918367,Hefty,,,,,,
Tucker Ashford,R,73,195,0.218,6,25.79752299,Hefty,,,,,,
Gaylord Perry,R,76,205,0.131,6,25.02164127,Hefty,,,,,,
Miguel Dilone,B,72,160,0.265,6,21.75925926,Lanky,,,,,,
Buddy Biancalana,B,71,160,0.205,6,22.3765126,Lanky,,,,,,
Ty Cline,L,72,170,0.238,6,23.11921296,Compact,,,,,,
Ken Rudolph,R,73,180,0.213,6,23.81309814,Compact,,,,,,
Ron Stone,L,74,185,0.241,6,23.81756757,Compact,,,,,,
Steve Renko,R,77,230,0.215,6,27.3486254,Hefty,,,,,,
Julio Gotay,R,72,180,0.26,6,24.47916667,Hefty,,,,,,
Luis Pujols,R,74,175,0.193,6,22.53013148,Compact,,,,,,
Tim Blackwell,B,71,170,0.228,6,23.77504463,Compact,,,,,,
Catfish Hunter,R,72,190,0.226,6,25.83912037,Hefty,,,,,,
Hank Allen,R,72,190,0.241,6,25.83912037,Hefty,,,,,,
Mike Squires,L,71,185,0.26,6,25.87284269,Hefty,,,,,,
Wilbur Howard,B,74,170,0.25,6,21.88641344,Lanky,,,,,,
Gene Clines,R,69,170,0.277,5,25.17328292,Hefty,,,,,,
Scot Thompson,L,75,195,0.262,5,24.44,Hefty,,,,,,
Steve Jeltz,B,71,180,0.21,5,25.17357667,Hefty,,,,,,
Jim French,L,68,180,0.196,5,27.44377163,Hefty,,,,,,
Mike Sadek,R,69,165,0.226,5,24.43289225,Hefty,,,,,,
Luis Alvarado,R,69,162,0.214,5,23.98865784,Compact,,,,,,
Andy Messersmith,R,73,200,0.17,5,26.45899794,Hefty,,,,,,
Tom Nieto,R,73,193,0.205,5,25.53293301,Hefty,,,,,,
Roger Metzger,B,72,165,0.231,5,22.43923611,Lanky,,,,,,
Lenny Faedo,R,72,170,0.251,5,23.11921296,Compact,,,,,,
Albert Hall,B,71,155,0.251,5,21.67724658,Lanky,,,,,,
Wallace Johnson,B,72,173,0.255,5,23.52719907,Compact,,,,,,
Ray Sadecki,L,71,180,0.191,5,25.17357667,Hefty,,,,,,
Andre Robertson,R,70,155,0.251,5,22.30102041,Lanky,,,,,,
Joaquin Andujar,B,72,170,0.127,5,23.11921296,Compact,,,,,,
Ken Suarez,R,69,175,0.227,5,25.9136736,Hefty,,,,,,
Mike Krukow,R,77,205,0.193,5,24.37594873,Hefty,,,,,,
Alan Wiggins,B,74,160,0.259,5,20.59897736,Lanky,,,,,,
Ron Clark,R,70,175,0.189,5,25.17857143,Hefty,,,,,,
Frank Quilici,R,73,170,0.214,5,22.49014825,Lanky,,,,,,
Steve Barber,L,72,195,0.115,5,26.51909722,Hefty,,,,,,
Tommy John,R,75,180,0.157,5,22.56,Compact,,,,,,
Luis Tiant,R,72,180,0.164,5,24.47916667,Hefty,,,,,,
Mike Brumley,L,70,195,0.229,5,28.05612245,Hefty,,,,,,
Denny Lemaster,R,73,182,0.13,4,24.07768812,Hefty,,,,,,
Larry Dierker,R,76,215,0.136,4,26.24220914,Hefty,,,,,,
Elio Chacon,R,69,160,0.232,4,23.69250158,Compact,,,,,,
Tommy Dean,R,72,165,0.18,4,22.43923611,Lanky,,,,,,
Joe Lovitto,B,72,185,0.216,4,25.15914352,Hefty,,,,,,
Mike Richardt,R,72,170,0.226,4,23.11921296,Compact,,,,,,
Pat Corrales,R,72,180,0.216,4,24.47916667,Hefty,,,,,,
Rafael Landestoy,B,70,165,0.237,4,23.73979592,Compact,,,,,,
Mario Mendoza,R,71,170,0.215,4,23.77504463,Compact,,,,,,
John Donaldson,L,71,160,0.238,4,22.3765126,Lanky,,,,,,
Julio Gonzalez,R,71,162,0.235,4,22.656219,Compact,,,,,,
Burt Hooton,R,73,210,0.123,4,27.78194783,Hefty,,,,,,
Juan Marichal,R,72,185,0.165,4,25.15914352,Hefty,,,,,,
Vida Blue,B,72,189,0.104,4,25.703125,Hefty,,,,,,
Terry Harmon,R,74,180,0.233,4,23.17384953,Compact,,,,,,
Jackie Gutierrez,R,71,175,0.237,4,24.47431065,Hefty,,,,,,
Junior Kennedy,R,71,175,0.248,4,24.47431065,Hefty,,,,,,
Tom Matchick,L,73,173,0.215,4,22.88703321,Compact,,,,,,
Jerry Terrell,R,71,165,0.253,4,23.07577862,Compact,,,,,,
Ron Gardenhire,R,72,175,0.232,4,23.79918981,Compact,,,,,,
Dave Skaggs,R,74,200,0.241,3,25.74872169,Hefty,,,,,,
Manny Castillo,B,69,160,0.242,3,23.69250158,Compact,,,,,,
Joe Nossek,R,72,178,0.228,3,24.20717593,Hefty,,,,,,
Don Mason,L,71,160,0.205,3,22.3765126,Lanky,,,,,,
Bobby Mitchell,L,70,170,0.243,3,24.45918367,Hefty,,,,,,
Onix Concepcion,R,66,160,0.239,3,25.8953168,Hefty,,,,,,
Rodney Scott,B,72,160,0.236,3,21.75925926,Lanky,,,,,,
Jim Lonborg,R,77,200,0.136,3,23.78141339,Compact,,,,,,
Jerry Zimmerman,R,74,185,0.204,3,23.81756757,Compact,,,,,,
Bryan Little,B,70,160,0.245,3,23.02040816,Compact,,,,,,
Winston Llenas,R,70,165,0.23,3,23.73979592,Compact,,,,,,
Mark Wagner,R,72,165,0.243,3,22.43923611,Lanky,,,,,,
Rob Andrews,R,72,185,0.251,3,25.15914352,Hefty,,,,,,
Mike Fischlin,R,73,165,0.22,3,21.8286733,Lanky,,,,,,
Ron Brand,R,67,167,0.239,3,26.22744487,Hefty,,,,,,
Skip Jutze,R,71,190,0.215,3,26.57210871,Hefty,,,,,,
Jerry Dybzinski,R,74,180,0.234,3,23.17384953,Compact,,,,,,
Fritz Peterson,B,72,185,0.159,2,25.15914352,Hefty,,,,,,
Jerry Koosman,R,74,205,0.119,2,26.39243974,Hefty,,,,,,
Mike Ramsey,B,73,170,0.24,2,22.49014825,Lanky,,,,,,
Angel Salazar,R,72,180,0.212,2,24.47916667,Hefty,,,,,,
Al Downing,R,71,175,0.127,2,24.47431065,Hefty,,,,,,
Mike Champion,R,72,185,0.229,2,25.15914352,Hefty,,,,,,
Frank Taveras,R,72,155,0.255,2,21.07928241,Lanky,,,,,,
Danny Ainge,R,76,175,0.22,2,21.35993767,Lanky,,,,,,
Glenn Burke,R,72,195,0.237,2,26.51909722,Hefty,,,,,,
Enzo Hernandez,R,68,155,0.224,2,23.63213668,Compact,,,,,,
Woodie Fryman,R,75,197,0.138,2,24.69066667,Hefty,,,,,,
Ken Holtzman,R,74,175,0.163,2,22.53013148,Compact,,,,,,
Barry Evans,R,73,180,0.251,2,23.81309814,Compact,,,,,,
Ron Theobald,R,68,165,0.248,2,25.15679066,Hefty,,,,,,
Mike Edwards,R,70,154,0.25,2,22.15714286,Lanky,,,,,,
Jose Tartabull,L,71,165,0.261,2,23.07577862,Compact,,,,,,
Nate Oliver,R,70,160,0.226,2,23.02040816,Compact,,,,,,
Rick Peters,B,69,170,0.277,2,25.17328292,Hefty,,,,,,
Sam McDowell,L,77,190,0.154,2,22.59234272,Compact,,,,,,
Rudy Meoli,L,69,165,0.212,2,24.43289225,Hefty,,,,,,
Tom Lawless,R,71,170,0.207,2,23.77504463,Compact,,,,,,
Jack Perconte,L,70,160,0.27,2,23.02040816,Compact,,,,,,
Chico Ruiz,B,72,169,0.24,2,22.98321759,Compact,,,,,,
Gary Nolan,R,74,197,0.138,1,25.36249087,Hefty,,,,,,
Dick Ruthven,R,75,190,0.183,1,23.81333333,Compact,,,,,,
Joe Niekro,R,73,185,0.156,1,24.47457309,Hefty,,,,,,
Denny McLain,R,73,185,0.133,1,24.47457309,Hefty,,,,,,
Jose Arcia,R,75,170,0.215,1,21.30666667,Lanky,,,,,,
Bob Randall,R,74,175,0.257,1,22.53013148,Compact,,,,,,
Jerry Reuss,L,77,200,0.167,1,23.78141339,Compact,,,,,,
Woody Woodward,R,74,180,0.236,1,23.17384953,Compact,,,,,,
Joe Strain,R,70,169,0.25,1,24.31530612,Hefty,,,,,,
Duane Kuiper,L,72,175,0.271,1,23.79918981,Compact,,,,,,
Brock Davis,L,70,160,0.26,1,23.02040816,Compact,,,,,,
Steve Blass,R,72,165,0.172,1,22.43923611,Lanky,,,,,,
Don Wilson,R,74,195,0.146,1,25.10500365,Hefty,,,,,,
Bob Heise,R,72,175,0.247,1,23.79918981,Compact,,,,,,
Bruce Miller,R,73,185,0.246,1,24.47457309,Hefty,,,,,,
Ray Burris,R,77,200,0.151,1,23.78141339,Compact,,,,,,
Ray Culp,R,72,200,0.123,1,27.19907407,Hefty,,,,,,
Mario Soto,R,72,174,0.132,1,23.66319444,Compact,,,,,,
Pepe Frias,R,70,159,0.24,1,22.87653061,Compact,,,,,,
Darrell Brown,B,72,184,0.274,1,25.02314815,Hefty,,,,,,
Gil Garrido,R,69,150,0.237,1,22.21172023,Lanky,,,,,,
Jim Barr,R,75,205,0.162,1,25.69333333,Hefty,,,,,,
Tom Brown,R,73,170,0,0,22.49014825,Lanky,,,,,,
Ozzie Osborn,R,74,195,0,0,25.10500365,Hefty,,,,,,
John LaRose,L,73,185,0,0,24.47457309,Hefty,,,,,,
Jeff Byrd,R,75,195,0,0,24.44,Hefty,,,,,,
Jerry Kutzler,L,73,175,0,0,23.15162319,Compact,,,,,,
Jeff Barkley,B,75,185,0,0,23.18666667,Compact,,,,,,
Eric Wilkins,R,73,190,0,0,25.13604804,Hefty,,,,,,
Britt Burns,L,77,215,0,0,25.5650194,Hefty,,,,,,
Nardi Contreras,B,74,193,0,0,24.84751644,Hefty,,,,,,
Jack Billingham,R,76,195,0.111,0,23.80107341,Compact,,,,,,
Gil Patterson,R,73,185,0,0,24.47457309,Hefty,,,,,,
Jerry Garvin,L,75,195,0,0,24.44,Hefty,,,,,,
Steve Eddy,R,74,185,0,0,23.81756757,Compact,,,,,,
Kevin Mmahat,L,77,220,0,0,26.15955473,Hefty,,,,,,
Jim Siwy,R,76,200,0,0,24.41135734,Hefty,,,,,,
Bud Anderson,R,75,210,0,0,26.32,Hefty,,,,,,
Kevin Stanfield,L,72,190,0,0,25.83912037,Hefty,,,,,,
John Butcher,R,76,185,0,0,22.58050554,Compact,,,,,,
Jerry Ujdur,R,73,195,0,0,25.79752299,Hefty,,,,,,
Brian Denman,R,76,205,0,0,25.02164127,Hefty,,,,,,
Bob Fallon,L,75,200,0,0,25.06666667,Hefty,,,,,,
Steve Curry,R,78,217,0,0,25.14546351,Hefty,,,,,,
Mickey Lolich,B,73,170,0.11,0,22.49014825,Lanky,,,,,,
Ray Chadwick,B,74,180,0,0,23.17384953,Compact,,,,,,
Bryan Clutterbuck,R,76,223,0,0,27.21866343,Hefty,,,,,,
Tony Ferreira,L,73,160,0,0,21.16719835,Lanky,,,,,,
Bryan Oelkers,L,75,192,0,0,24.064,Hefty,,,,,,
Kevin Bearse,L,74,195,0,0,25.10500365,Hefty,,,,,,
Marty Martinez,B,72,170,0.243,0,23.11921296,Compact,,,,,,
Jose Roman,R,72,175,0,0,23.79918981,Compact,,,,,,
Mike Trujillo,R,73,180,0,0,23.81309814,Compact,,,,,,
Albert Williams,R,76,190,0,0,23.19078947,Compact,,,,,,
Oswaldo Peraza,R,76,172,0,0,20.99376731,Lanky,,,,,,
Barry Cort,R,77,210,0,0,24.97048406,Hefty,,,,,,
Bill Wilkinson,R,70,160,0,0,23.02040816,Compact,,,,,,
Mike Loynd,R,76,210,0,0,25.63192521,Hefty,,,,,,
Randy Scarbery,B,73,185,0,0,24.47457309,Hefty,,,,,,
Ben Callahan,R,79,230,0,0,25.98141324,Hefty,,,,,,
Bobby Cuellar,R,71,188,0,0,26.2924023,Hefty,,,,,,
Mike Jones,L,78,215,0,0,24.91370809,Hefty,,,,,,
Ramon Manon,R,72,150,0,0,20.39930556,Lanky,,,,,,
John Trautwein,R,75,205,0,0,25.69333333,Hefty,,,,,,
Andy Replogle,R,77,205,0,0,24.37594873,Hefty,,,,,,
Zach Crouch,L,75,180,0,0,22.56,Compact,,,,,,
Ron Romanick,R,76,195,0,0,23.80107341,Compact,,,,,,
Bruce Tanner,L,75,220,0,0,27.57333333,Hefty,,,,,,
Dave Ford,R,76,190,0,0,23.19078947,Compact,,,,,,
Barry Raziano,B,70,175,0,0,25.17857143,Hefty,,,,,,
Pat Underwood,L,72,175,0,0,23.79918981,Compact,,,,,,
Joel McKeon,L,72,185,0,0,25.15914352,Hefty,,,,,,
Danny Fife,R,75,175,0,0,21.93333333,Lanky,,,,,,
Bob Didier,B,72,190,0.229,0,25.83912037,Hefty,,,,,,
Andy Beene,R,75,205,0,0,25.69333333,Hefty,,,,,,
Bruce Robbins,L,73,190,0,0,25.13604804,Hefty,,,,,,
Leon Hooten,R,71,180,0,0,25.17357667,Hefty,,,,,,
Allan Ramirez,R,70,180,0,0,25.89795918,Hefty,,,,,,
Brian Allard,R,73,175,0,0,23.15162319,Compact,,,,,,
Fernando Arroyo,R,74,180,0,0,23.17384953,Compact,,,,,,
Gary Beare,R,76,205,0,0,25.02164127,Hefty,,,,,,
Brian Dubois,L,70,165,0,0,23.73979592,Compact,,,,,,
Chris Batton,R,76,195,0,0,23.80107341,Compact,,,,,,
Vance Lovelace,L,77,205,0,0,24.37594873,Hefty,,,,,,
Greg Thayer,R,71,182,0,0,25.45328308,Hefty,,,,,,
Paul Hartzell,R,77,200,0,0,23.78141339,Compact,,,,,,
Ralph Botting,L,72,195,0,0,26.51909722,Hefty,,,,,,
Steve Rogers,R,74,175,0.138,0,22.53013148,Compact,,,,,,
Keith Creel,R,74,180,0,0,23.17384953,Compact,,,,,,
Mike Smith,R,75,180,0,0,22.56,Compact,,,,,,
T.R. Bryden,R,76,190,0,0,23.19078947,Compact,,,,,,
Tom Makowski,R,71,185,0,0,25.87284269,Hefty,,,,,,
Ed Crosby,L,74,175,0.22,0,22.53013148,Compact,,,,,,
Jim Umbarger,L,78,200,0,0,23.17554241,Compact,,,,,,
Mike Darr,R,76,190,0,0,23.19078947,Compact,,,,,,
Craig Robinson,R,70,165,0.219,0,23.73979592,Compact,,,,,,
Curt Wardle,L,77,220,0,0,26.15955473,Hefty,,,,,,
Israel Sanchez,L,69,170,0,0,25.17328292,Hefty,,,,,,
Steve Burke,B,74,200,0,0,25.74872169,Hefty,,,,,,
Terry Taylor,R,73,180,0,0,23.81309814,Compact,,,,,,
Randy Nosek,R,76,215,0,0,26.24220914,Hefty,,,,,,
Narciso Elvira,L,70,160,0,0,23.02040816,Compact,,,,,,
Mark Smith,R,74,215,0,0,27.67987582,Hefty,,,,,,
Paul Mitchell,R,73,195,0,0,25.79752299,Hefty,,,,,,
Butch Edge,R,75,203,0,0,25.44266667,Hefty,,,,,,
Gary Mielke,R,75,185,0,0,23.18666667,Compact,,,,,,
Rick Henninger,R,78,225,0,0,26.07248521,Hefty,,,,,,
Mark Brown,B,74,190,0,0,24.46128561,Hefty,,,,,,
Rafael Vasquez,R,72,160,0,0,21.75925926,Lanky,,,,,,
Len Whitehouse,L,71,175,0,0,24.47431065,Hefty,,,,,,
Steve Adkins,R,78,210,0,0,24.33431953,Hefty,,,,,,
Joe Horlen,R,72,170,0.134,0,23.11921296,Compact,,,,,,
Tony Mack,R,70,177,0,0,25.46632653,Hefty,,,,,,
Bill Moran,R,76,210,0,0,25.63192521,Hefty,,,,,,
Cesar Gutierrez,R,69,155,0.235,0,22.9521109,Compact,,,,,,
Tom Gilles,R,73,185,0,0,24.47457309,Hefty,,,,,,
Bob Kammeyer,R,76,210,0,0,25.63192521,Hefty,,,,,,
Joe Pactwa,L,71,185,0,0,25.87284269,Hefty,,,,,,
Sherman Corbett,L,76,205,0,0,25.02164127,Hefty,,,,,,
Lafayette Currence,B,71,175,0,0,24.47431065,Hefty,,,,,,
John Pawlowski,R,74,175,0,0,22.53013148,Compact,,,,,,
Jack Hardy,R,74,175,0,0,22.53013148,Compact,,,,,,
Ron Musselman,R,74,185,0,0,23.81756757,Compact,,,,,,
Tony Chevez,R,71,177,0,0,24.75401706,Hefty,,,,,,
Gary Ignasiak,R,71,185,0,0,25.87284269,Hefty,,,,,,
Mike Smithson,L,80,215,0,0,23.68359375,Compact,,,,,,
Joe Skalski,R,75,190,0,0,23.81333333,Compact,,,,,,
Bert Bradley,B,73,190,0,0,25.13604804,Hefty,,,,,,
Francisco Barrios,R,71,155,0,0,21.67724658,Lanky,,,,,,
Reggie Ritter,L,74,195,0,0,25.10500365,Hefty,,,,,,
Bob Babcock,R,77,210,0,0,24.97048406,Hefty,,,,,,
Craig Eaton,R,71,175,0,0,24.47431065,Hefty,,,,,,
Roy Branch,R,72,175,0,0,23.79918981,Compact,,,,,,
Rob Woodward,R,75,185,0,0,23.18666667,Compact,,,,,,
Fred Norman,B,68,155,0.125,0,23.63213668,Compact,,,,,,
Randy Jones,R,72,178,0.132,0,24.20717593,Hefty,,,,,,
Bob Veselic,R,72,175,0,0,23.79918981,Compact,,,,,,
Chuck Hockenbery,B,73,195,0,0,25.79752299,Hefty,,,,,,
Bob Ferris,R,78,225,0,0,26.07248521,Hefty,,,,,,
Gary Wheelock,R,75,205,0,0,25.69333333,Hefty,,,,,,
Mike Rochford,L,76,205,0,0,25.02164127,Hefty,,,,,,
Jeff Schneider,B,75,195,0,0,24.44,Hefty,,,,,,
Luis Encarnacion,R,70,178,0,0,25.61020408,Hefty,,,,,,
Rick Kreuger,R,74,185,0,0,23.81756757,Compact,,,,,,
Angel Moreno,L,69,165,0,0,24.43289225,Hefty,,,,,,
Roger Weaver,R,75,190,0,0,23.81333333,Compact,,,,,,
Chris Knapp,R,77,195,0,0,23.18687806,Compact,,,,,,
Don Welchel,R,76,205,0,0,25.02164127,Hefty,,,,,,
Randy Wiles,L,73,185,0,0,24.47457309,Hefty,,,,,,
Larry Lintz,B,69,150,0.227,0,22.21172023,Lanky,,,,,,
Dewey Robinson,R,72,180,0,0,24.47916667,Hefty,,,,,,
Tony Arnold,R,71,170,0,0,23.77504463,Compact,,,,,,
Jeff Schattinger,L,77,200,0,0,23.78141339,Compact,,,,,,
Ike Brookens,R,77,170,0,0,20.21420138,Lanky,,,,,,
Win Remmerswaal,R,74,160,0,0,20.59897736,Lanky,,,,,,
Jeff Peterek,R,74,195,0,0,25.10500365,Hefty,,,,,,
Jeff Shaver,R,75,195,0,0,24.44,Hefty,,,,,,
Tim Johnson,L,73,170,0.223,0,22.49014825,Lanky,,,,,,
Pete Filson,B,74,195,0,0,25.10500365,Hefty,,,,,,
Jim Gideon,R,75,190,0,0,23.81333333,Compact,,,,,,
Jeff Twitty,L,74,185,0,0,23.81756757,Compact,,,,,,
Steve Cummings,B,74,200,0,0,25.74872169,Hefty,,,,,,
Jose Cecena,R,71,180,0,0,25.17357667,Hefty,,,,,,
Greg Erardi,R,73,190,0,0,25.13604804,Hefty,,,,,,
Jim Farr,R,73,195,0,0,25.79752299,Hefty,,,,,,
Frank Dimichele,R,75,205,0,0,25.69333333,Hefty,,,,,,
Bob Veale,B,78,212,0.114,0,24.56607495,Hefty,,,,,,
Mike Warren,R,73,175,0,0,23.15162319,Compact,,,,,,
Bill Fulton,R,75,195,0,0,24.44,Hefty,,,,,,
Larry Anderson,R,75,190,0,0,23.81333333,Compact,,,,,,
Craig Mitchell,R,75,180,0,0,22.56,Compact,,,,,,
Alfredo Martinez,R,75,185,0,0,23.18666667,Compact,,,,,,
Dean Chance,R,75,200,0.066,0,25.06666667,Hefty,,,,,,
Joel Davis,L,77,205,0,0,24.37594873,Hefty,,,,,,
Bill Mooneyham,R,72,175,0,0,23.79918981,Compact,,,,,,
John Hobbs,R,75,190,0,0,23.81333333,Compact,,,,,,
John Denny,R,75,185,0.17,0,23.18666667,Compact,,,,,,
Karl Best,R,76,190,0,0,23.19078947,Compact,,,,,,
Steve Barr,L,76,200,0,0,24.41135734,Hefty,,,,,,
Luis Sanchez,R,74,170,0,0,21.88641344,Lanky,,,,,,
Mike Brown,R,74,195,0,0,25.10500365,Hefty,,,,,,
Steve Davis,L,73,195,0,0,25.79752299,Hefty,,,,,,
Jeff Rineer,L,76,205,0,0,25.02164127,Hefty,,,,,,
Mark Mercer,L,77,220,0,0,26.15955473,Hefty,,,,,,
John Caneira,R,75,180,0,0,22.56,Compact,,,,,,
Clint Zavaras,R,73,175,0,0,23.15162319,Compact,,,,,,
Mike Parrott,R,76,210,0,0,25.63192521,Hefty,,,,,,
Luis Aponte,R,72,185,0,0,25.15914352,Hefty,,,,,,
Paul Boris,R,74,200,0,0,25.74872169,Hefty,,,,,,
De Wayne Buice,R,72,170,0,0,23.11921296,Compact,,,,,,
Mark Esser,R,73,190,0,0,25.13604804,Hefty,,,,,,
Daryl Smith,R,76,185,0,0,22.58050554,Compact,,,,,,
Dave Smith,R,73,190,0,0,25.13604804,Hefty,,,,,,
Dave Stapleton,L,73,185,0,0,24.47457309,Hefty,,,,,,
Tom Klawitter,R,74,190,0,0,24.46128561,Hefty,,,,,,
Gary Christenson,L,77,200,0,0,23.78141339,Compact,,,,,,
Jim Wright,R,77,205,0,0,24.37594873,Hefty,,,,,,
Jim Wright,R,73,165,0,0,21.8286733,Lanky,,,,,,
Mike Kinnunen,L,73,185,0,0,24.47457309,Hefty,,,,,,
Dave Rajsich,L,77,175,0,0,20.80873672,Lanky,,,,,,
Ramon Pena,R,70,155,0,0,22.30102041,Lanky,,,,,,
Chico Escarrega,R,71,185,0,0,25.87284269,Hefty,,,,,,
Cardell Camper,R,75,208,0,0,26.06933333,Hefty,,,,,,
Mike Overy,R,74,190,0,0,24.46128561,Hefty,,,,,,
Craig Chamberlain,R,73,190,0,0,25.13604804,Hefty,,,,,,
Frank Eufemia,R,71,185,0,0,25.87284269,Hefty,,,,,,
Jack Lazorko,R,71,200,0,0,27.97064075,Hefty,,,,,,
Mike Paxton,R,71,190,0,0,26.57210871,Hefty,,,,,,
Rickey Keeton,R,74,190,0,0,24.46128561,Hefty,,,,,,
Terry Felton,R,73,180,0,0,23.81309814,Compact,,,,,,
Mark Clear,R,76,200,0,0,24.41135734,Hefty,,,,,,
Mike Pazik,L,74,195,0,0,25.10500365,Hefty,,,,,,
Rich Barnes,R,76,186,0,0,22.70256233,Compact,,,,,,
Dave Frost,R,78,235,0,0,27.23126233,Hefty,,,,,,
Mark Souza,L,72,180,0,0,24.47916667,Hefty,,,,,,
Rick Jones,L,77,190,0,0,22.59234272,Compact,,,,,,
Jim Dorsey,R,79,190,0,0,21.46290659,Lanky,,,,,,
Mark Ciardi,R,72,180,0,0,24.47916667,Hefty,,,,,,
Dennis Burtt,R,72,180,0,0,24.47916667,Hefty,,,,,,
Rich Yett,R,74,187,0,0,24.07505478,Hefty,,,,,,
Matt Williams,R,73,200,0,0,26.45899794,Hefty,,,,,,
Jim Burton,R,75,195,0,0,24.44,Hefty,,,,,,
Rick Anderson,R,74,210,0,0,27.03615778,Hefty,,,,,,
Charlie Mitchell,R,75,170,0,0,21.30666667,Lanky,,,,,,
Bill Paschall,R,72,175,0,0,23.79918981,Compact,,,,,,
John Bohnet,B,72,175,0,0,23.79918981,Compact,,,,,,
Byron McLaughlin,R,73,175,0,0,23.15162319,Compact,,,,,,
Luis Quintana,L,74,175,0,0,22.53013148,Compact,,,,,,
Keith Macwhorter,R,76,190,0,0,23.19078947,Compact,,,,,,
Jaime Cocanower,R,76,200,0,0,24.41135734,Hefty,,,,,,
Jeff Sellers,R,73,175,0,0,23.15162319,Compact,,,,,,
Steve Senteney,R,74,205,0,0,26.39243974,Hefty,,,,,,
Howard Bailey,R,72,195,0,0,26.51909722,Hefty,,,,,,
Jeff Bettendorf,R,75,180,0,0,22.56,Compact,,,,,,
Bob Davidson,R,72,185,0,0,25.15914352,Hefty,,,,,,
Brian Snyder,L,75,185,0,0,23.18666667,Compact,,,,,,
Carlos Velazquez,R,71,180,0,0,25.17357667,Hefty,,,,,,
Roger Miller,R,75,200,0,0,25.06666667,Hefty,,,,,,
Willie Mueller,R,76,220,0,0,26.85249307,Hefty,,,,,,
John Flinn,R,72,175,0,0,23.79918981,Compact,,,,,,
Les Straker,R,73,193,0,0,25.53293301,Hefty,,,,,,
Don Kainer,R,75,205,0,0,25.69333333,Hefty,,,,,,
Don Gordon,R,73,175,0,0,23.15162319,Compact,,,,,,
Sandy Wihtol,R,73,195,0,0,25.79752299,Hefty,,,,,,
Jeff Richardson,R,75,185,0,0,23.18666667,Compact,,,,,,
Dennis DeBarr,L,74,190,0,0,24.46128561,Hefty,,,,,,
Jay Pettibone,R,76,182,0,0,22.21433518,Lanky,,,,,,
Glen Cook,R,71,180,0,0,25.17357667,Hefty,,,,,,
Bill Castro,R,71,170,0,0,23.77504463,Compact,,,,,,
Ed Hodge,L,74,192,0,0,24.71877283,Hefty,,,,,,
Tom Buskey,R,75,200,0,0,25.06666667,Hefty,,,,,,
Bruce Taylor,R,72,178,0,0,24.20717593,Hefty,,,,,,
Stan Thomas,R,74,185,0,0,23.81756757,Compact,,,,,,
Larry Monroe,R,76,200,0,0,24.41135734,Hefty,,,,,,
Roger Slagle,R,75,190,0,0,23.81333333,Compact,,,,,,
Jim Campbell,L,71,175,0,0,24.47431065,Hefty,,,,,,
Curt Kaufman,R,74,175,0,0,22.53013148,Compact,,,,,,
De Wayne Vaughn,R,71,180,0,0,25.17357667,Hefty,,,,,,
Bob Galasso,L,73,205,0,0,27.12047288,Hefty,,,,,,
Rich Wortham,R,72,185,0,0,25.15914352,Hefty,,,,,,
Juan Nieves,L,75,175,0,0,21.93333333,Lanky,,,,,,
Mike Bacsik,R,74,180,0,0,23.17384953,Compact,,,,,,
Phil Huffman,R,74,180,0,0,23.17384953,Compact,,,,,,
Steve Brown,R,77,200,0,0,23.78141339,Compact,,,,,,
Rick Lysander,R,74,190,0,0,24.46128561,Hefty,,,,,,
Mel Stottlemyre,R,72,190,0,0,25.83912037,Hefty,,,,,,
Alex Sanchez,R,74,185,0,0,23.81756757,Compact,,,,,,
Paul Wilmet,R,71,170,0,0,23.77504463,Compact,,,,,,
Bruce Ellingsen,L,72,180,0,0,24.47916667,Hefty,,,,,,
Gorman Heimueller,L,76,195,0,0,23.80107341,Compact,,,,,,
Ron Reed,R,78,215,0.158,0,24.91370809,Hefty,,,,,,
Fred Howard,R,75,190,0,0,23.81333333,Compact,,,,,,
John Hoover,R,74,190,0,0,24.46128561,Hefty,,,,,,
Mike Walters,R,77,203,0,0,24.13813459,Hefty,,,,,,
Colby Ward,R,74,185,0,0,23.81756757,Compact,,,,,,
Chuck Porter,R,75,187,0,0,23.43733333,Compact,,,,,,
Tom Dozier,R,74,190,0,0,24.46128561,Hefty,,,,,,
Rick Steirer,R,76,200,0,0,24.41135734,Hefty,,,,,,
Al Lachowicz,R,75,198,0,0,24.816,Hefty,,,,,,
Tom McCarthy,R,72,180,0,0,24.47916667,Hefty,,,,,,
Jim Lewis,R,75,190,0,0,23.81333333,Compact,,,,,,
Dan Morogiello,L,73,200,0,0,26.45899794,Hefty,,,,,,
Shawn Holman,R,74,185,0,0,23.81756757,Compact,,,,,,
Alan Wirth,R,76,190,0,0,23.19078947,Compact,,,,,,
Terry Wilshusen,R,74,210,0,0,27.03615778,Hefty,,,,,,
Steve Ellsworth,R,80,220,0,0,24.234375,Hefty,,,,,,
Bryan Kelly,R,74,195,0,0,25.10500365,Hefty,,,,,,
Mick Kelleher,R,69,176,0.213,0,26.06175173,Hefty,,,,,,
Don Sutton,R,73,185,0.144,0,24.47457309,Hefty,,,,,,
John Leister,R,74,200,0,0,25.74872169,Hefty,,,,,,
Don Cooper,R,73,185,0,0,24.47457309,Hefty,,,,,,
Jeff Jones,R,75,210,0,0,26.32,Hefty,,,,,,
John Poloni,L,77,210,0,0,24.97048406,Hefty,,,,,,
Mike Willis,L,74,205,0,0,26.39243974,Hefty,,,,,,
Stefan Wever,R,80,245,0,0,26.98828125,Hefty,,,,,,
Dave Johnson,R,73,183,0,0,24.20998311,Hefty,,,,,,
Jerry Augustine,L,72,183,0,0,24.88715278,Hefty,,,,,,
Jeff Holly,L,77,210,0,0,24.97048406,Hefty,,,,,,
Eric Hetzel,R,75,175,0,0,21.93333333,Lanky,,,,,,
Luis Gomez,R,69,150,0.21,0,22.21172023,Lanky,,,,,,
Dave Lemanczyk,R,76,235,0,0,28.68334488,Hefty,,,,,,
Al Jones,R,76,210,0,0,25.63192521,Hefty,,,,,,
Sam Hinds,R,78,215,0,0,24.91370809,Hefty,,,,,,
Clay Christiansen,R,77,205,0,0,24.37594873,Hefty,,,,,,
Larry Rothschild,L,74,180,0,0,23.17384953,Compact,,,,,,
Gary Lance,B,75,195,0,0,24.44,Hefty,,,,,,
Larry Pashnick,R,75,205,0,0,25.69333333,Hefty,,,,,,
Todd Fischer,R,70,170,0,0,24.45918367,Hefty,,,,,,
